k,User-CF-MAE,User-CF-RMSE,Item-CF-MAE,Item-CF-RMSE
10,17.69853554298262,126.88757603237947,17.698515279743926,126.88792669101171
20,17.698483554680617,126.88756023137839,17.698551298315316,126.8879570029551
40,17.69842086708965,126.8874677665618,17.698579392990553,126.88797466858671
