Model,MAE,RMSE
"User-CF (cosine, top-k=20)",26.145130500009518,128.6517391476802
"Item-CF (cosine, top-k=20)",27.75532810785807,144.84560326514872
FunkSVD (latent=20),1323.6550714351918,1329.6129592208424
Bias-SVD (latent=20),29.280426624908937,122.82850997396815
