Model,RMSE,MAE
FunkSVD (Original),1329.6129592208424,1323.6550714351918
FunkSVD-v2 (Optimized),126.88816439718767,17.69862753371425
Baseline (Mean),129.40646447939935,53.976806865245365
Bias-SVD (Best),29.280426624908937,122.82850997396815
