Model,MAE,RMSE
Baseline (Mean),17.698627526905334,126.88816439661531
Baseline (User Avg),17.69951963915371,126.88829615946236
User-CF (k=20),26.145130500009518,128.6517391476802
Item-CF (k=20),27.75532810785807,144.84560326514872
FunkSVD (MF),1323.6550714351918,1329.6129592208424
Bias-SVD (MF+Bias),29.280426624908937,122.82850997396815
