Model,MAE,RMSE
"User-CF (cosine, top-k=20)",25.279624415602722,128.7008821503849
"Item-CF (cosine, top-k=20)",27.755243566967444,144.8456018299752
FunkSVD (latent=20),1323.6550714351918,1329.6129592208424
Bias-SVD (latent=20),29.280426624908937,122.82850997396815
