model,MAE,RMSE
Global Mean,53.976806865245365,129.40646447939935
User Mean,57.799414622681596,152.4522060515534
Item Mean,45.49029694032346,125.06243074227991
Popularity Model,45.23881219611794,126.95309342124725
